<?xml version="1.0"?>

<ITEMS recordScore ="true" notaCorteGlobal="5" obj="relALL" scoreBase="10" tries="2"  colTitle="0xDFDFDF" colIns="0xDFDFDF" colDrag="0xDFDFDF" colDrop="0xDFDFDF" colDragCircle="0x999999" colDropCircle="0x000000"  colFondo ="0xDFDFDF" grosLine="2"  colLine="0x333333" esquinas="0">	


<ITEM tipo="relacionaAll" enunciado="5 Ejercicio relacionar conceptos N a N" instrucciones="Relaciona ambos conceptos"  img="imagenes/buzon.jpg" anchoDrag="80" anchoDrop="150" sidesSpace="20" sol="0,1,2,3">
		<!-- 	elementos drageables (columna izq)	-->
		<DRAG ><b>Uno</b></DRAG>
		<DRAG>Dos</DRAG>
		<DRAG >Tres</DRAG>
		<DRAG>Cuatro</DRAG>
		
		<!-- 	elementos fijos (columna derecha)	-->		
		<DROP >Compact Flaix</DROP>
		<DROP >Memory Stick</DROP>
		<DROP >Asdf </DROP>
		<DROP>Micro SD</DROP>
		
		
		<!-- 	FEEDBACK OK	-->
		<FEEDBACKOK>Muy bien. has superado el ejercicio.</FEEDBACKOK>
		<!-- 	FEEDBACK KO 1ER INTENTO	-->
		<FEEDBACK0>No lo has hecho bien. Inténtalo de nuevo.</FEEDBACK0>
		<!-- 	FEEDBACK KO 2º INTENTO	-->
		<FEEDBACK1>No lo has hecho bien. Tienes 1 intento más</FEEDBACK1>
		<!-- 	FEEDBACK KO 3º INTENTO	-->
		<FEEDBACK2>No lo has hecho bien. cierra esta ventana y observa la respuesta correcta</FEEDBACK2>
		<!-- 	FEEDBACK NO INTENTADO	-->
		<NOTRIED>Todavía no ha contestado el ejercicio.</NOTRIED>
		
		<JUSTIFICACION></JUSTIFICACION>
	</ITEM>	
	
		

</ITEMS>